Feature,Importance
deposit_type_Non Refund,0.1576695644776859
country_group_PRT,0.10371315611693406
lead_time,0.10013444603957995
total_of_special_requests,0.05184133493306292
previous_cancellations,0.051475970542570644
agent,0.04517420180061266
has_special_requests,0.03480302883030626
adr,0.033438797396079654
required_car_parking_spaces,0.030202117423466575
market_segment_Online TA,0.02933485378436034
market_segment_Groups,0.02502912540541523
booking_changes,0.02425547641204133
customer_type_Transient,0.02404810404661911
market_segment_Offline TA/TO,0.023742424607122333
customer_type_Transient-Party,0.021282130775948663
arrival_date_year,0.01969275118579127
total_stay,0.01880907797443086
arrival_date_week_number,0.01706118795028847
arrival_date_day_of_month,0.01334253793453145
distribution_channel_TA/TO,0.01288838734983561
stays_in_week_nights,0.01282517989670564
hotel_Resort Hotel,0.00943191636775203
assigned_room_type_D,0.008152560684731615
market_segment_Direct,0.007822034450810375
stays_in_weekend_nights,0.007751322195805515
distribution_channel_Direct,0.0074061713241150426
country_group_GBR,0.0073569045136122144
total_guests,0.0069401726140206664
country_group_Other,0.0061228068135460055
country_group_FRA,0.0060751343607895894
previous_bookings_not_canceled,0.0058456189242672785
country_group_DEU,0.005756707366098158
adults,0.00569082003723712
company,0.005002696454140458
reserved_room_type_D,0.0043413413903790705
meal_HB,0.0030151693682205247
days_in_waiting_list,0.0030029574180643263
is_repeated_guest,0.0028773811117903093
country_group_ESP,0.0028110320437870345
meal_SC,0.0027139176078845315
arrival_date_month_August,0.002391922826688423
market_segment_Corporate,0.0022599367300754586
children,0.0021534583578673413
arrival_date_month_July,0.0021053335590846454
arrival_date_month_October,0.0018569725420065296
arrival_date_month_May,0.0018146416946963817
is_family,0.0016431411493986602
arrival_date_month_June,0.0016212261724057305
assigned_room_type_E,0.0015266249566379785
arrival_date_month_September,0.001514600761450301
arrival_date_month_February,0.0014299801027087182
arrival_date_month_March,0.0014009784720680001
arrival_date_month_December,0.0013950144697344874
meal_Undefined,0.0013341635950201327
reserved_room_type_E,0.0013189080105104195
country_group_ITA,0.0012656640997167816
arrival_date_month_January,0.0011803683498856183
assigned_room_type_B,0.0011788134392643397
arrival_date_month_November,0.0011635408814060755
country_group_IRL,0.0011014258590814942
assigned_room_type_F,0.0010712020866735581
country_group_BRA,0.000948026092677803
assigned_room_type_C,0.0008915839677334492
reserved_room_type_B,0.0007998756179000538
reserved_room_type_F,0.0006957290993671437
meal_FB,0.0006806904961866555
assigned_room_type_G,0.0006763593785721804
reserved_room_type_G,0.0005455988061402196
country_group_NLD,0.0005055168082539405
reserved_room_type_C,0.00038686307805695796
assigned_room_type_I,0.00033159591193017825
market_segment_Complementary,0.0002577660682281543
babies,0.00024992664665286665
reserved_room_type_H,0.00018901506787627324
customer_type_Group,0.00018468801498782003
assigned_room_type_P,0.00017034579899070156
assigned_room_type_K,0.000167339054694174
distribution_channel_GDS,0.00016453311613745734
assigned_room_type_H,0.00016428155943748422
deposit_type_Refundable,0.0001537893840395901
reserved_room_type_P,0.00013385019176651223
distribution_channel_Undefined,4.300180605002375e-05
market_segment_Undefined,3.2489874586267015e-05
assigned_room_type_L,1.0257119045156383e-05
reserved_room_type_L,8.438993867218274e-06
